Ana García;lunes;9;17
Ana García;martes;9;17
Ana García;miércoles;9;17
Ana García;jueves;9;17
Ana García;viernes;9;17
Bruno López;lunes;8;16
Bruno López;martes;8;16
Bruno López;miércoles;8;16
Bruno López;jueves;8;16
Bruno López;viernes;8;16
Bruno López;sábado;10;18
Carla Pérez;lunes;10;18
Carla Pérez;martes;10;18
Carla Pérez;miércoles;10;18
Carla Pérez;jueves;10;18
Carla Pérez;viernes;10;18
Carla Pérez;domingo;12;20
Diego Martín;lunes;14;22
Diego Martín;martes;14;22
Diego Martín;miércoles;14;22
Diego Martín;jueves;14;22
Diego Martín;viernes;14;22
Elena Ruiz;lunes;7;15
Elena Ruiz;martes;7;15
Elena Ruiz;miércoles;7;15
Elena Ruiz;jueves;7;15
Elena Ruiz;viernes;7;15
Elena Ruiz;sábado;7;15